{
  "ConnectionStrings": {
    "MonitoringDb": ""
  },
  "Monitoring": {
    "IntervalSeconds": 5
  },
  "Logging": {
    "LogLevel": {
      "Default": "Information",
      "Microsoft.Hosting.Lifetime": "Information"
    }
  },
  "SimulatedDataSource": {
    "Mode": "Replay",
    "TurbineCount": 100,
    "ReplayFilePath": "data/turbine1_clean.csv",
    "Generative": {
      "WindSpeed": {
        "Mean": 6.365507924188643,
        "StdDev": 2.8950778969432425,
        "WeibullK": 2.352879419970902,
        "WeibullC": 7.183049978736871
      },
      "PowerCurve": {
        "CutIn": 2.75,
        "RatedWind": 11.25,
        "RatedPower": 2050.0,
        "CutOut": 25.0,
        "NoiseBins": [
          [0.25, 0.5432696759788301],
          [0.75, 0.38141678095464693],
          [1.25, 0.5919571066315329],
          [1.75, 1.6175697393897286],
          [2.25, 7.112397240427822],
          [2.75, 22.932649196364196],
          [3.25, 32.95124882780054],
          [3.75, 36.220503646168254],
          [4.25, 44.44466574929308],
          [4.75, 53.143849659367305],
          [5.25, 67.31199890363763],
          [5.75, 82.35747833812475],
          [6.25, 100.09527703029006],
          [6.75, 119.6842435531508],
          [7.25, 138.36396678309976],
          [7.75, 153.72570506342862],
          [8.25, 140.7924990906096],
          [8.75, 125.02042896853784],
          [9.25, 135.9865230349121],
          [9.75, 109.46229910978349],
          [10.25, 104.9418751104983],
          [10.75, 114.59325739326793],
          [11.25, 287.09527385601945],
          [11.75, 328.57977933676096],
          [12.25, 362.5717658809479],
          [12.75, 436.70055694640195],
          [13.25, 255.82401015155938],
          [13.75, 125.17289469524826],
          [14.25, 341.19337730503844],
          [14.75, 16.516336603091055],
          [15.25, 40.02567045200805],
          [15.75, 17.826954647352864],
          [16.25, 417.0656573480341],
          [16.75, 19.53095160227491],
          [17.25, 487.3939869639525]
        ]
      },
      "RotorSpeed": {
        "MaxRpm": 15.208846142739047,
        "SaturationWind": 8.25
      },
      "PitchAngle": {
        "StartWind": 11.2,
        "MaxAngle": 89.9899978637695
      },
      "GearOilTemp": {
        "Min": 13.850000381469728,
        "Max": 60.0999992370605,
        "Mean": 53.25952063634157
      }
    }
  }
} 
